id,category
r/ableton,Software
r/abletonlive,Software
r/AbletonRacks,Sharing
r/AdvancedProduction,General / Community
r/AudioEngineering,General / Community
r/Auxy,Software
r/BassGuitar,Instrument
r/canising,Promotion / Critique
r/Drumkits,Sharing
r/drumming,Instrument
r/drums,Instrument
r/edmproduction,Genre-specific
r/edrums,Instrument
r/FrenchHouseProduction,Genre-specific
r/GarageBand,Software
r/Guitar,Instrument
r/hiphopproduction,Genre-specific
r/IndieMusicFeedback,Promotion / Critique
r/ipadmusic,Software
r/LogicPro,Software
r/madewithableton,Software
r/makinghiphop,Genre-specific
r/mpcusers,Instrument
r/MusicBattlestations,General / Community
r/MusicCritique,General / Community
r/MusicProductionTuts,Sharing
r/musicprogramming,Software
r/MusicTheory,General / Community
r/NativeInstruments,Software
r/OP1users,Instrument
r/PluginSales,Sharing
r/Reasoners,Software
r/SampleBattles,General / Community
r/serum,Instrument
r/SerumPresets,Sharing
r/singing,Singing + Songwriting
r/Songwriters,Singing + Songwriting
r/Songwriting,Singing + Songwriting
r/StudioOne,Software
r/synthesizers,Instrument
r/synthrecipes,Instrument
r/TechnoProduction,Genre-specific
r/trapproduction,Genre-specific
r/VSTi,Software
r/WeAreTheMusicMakers,General / Community
r/musicproduction,General / Community
r/shareyourmusic,Promotion / Critique
r/futurebeatproducers,Genre-specific
r/FL_Studio,Software
r/Samplehunters,General / Community